Fecha,Hora,Latitud,Longitud,Profundidad,Magnitud,,,,,,,
08/09/2014,09:56:00,20.4905,-70.4576,49.59,3.26,,,,,,,
02/07/2014,02:32:44,20.4761,-70.931,29.2,3.42,,,,,,,
23/01/2014,02:24:30,20.4397,-70.541,81.26,3.16,,,,,,,    
23/05/2014,13:54:49,20.4326,-70.356,7.94,3.47,,,,,,,
30/10/2014,21:51:00,20.3851,-70.4396,33.27,3.28,,,,,,,
08/09/2014,10:10:00,20.3501,-70.2925,10.68,2.97,,,,,,,    
07/04/2014,03:14:17,20.3408,-70.703,33.94,3.83,,,,,,,
14/07/2014,01:23:37,20.317,-70.369,57.91,2.99,,,,,,,
04/07/2014,11:13:25,20.2905,-70.629,64.93,2.93,,,,,,,    
09/05/2014,01:29:48,20.277,-70.615,32.23,3.37,,,,,,,
20/08/2014,02:43:20,20.2741,-70.925,2,3.48,,,,,,,
29/12/2014,23:51:00,20.263,-70.207,20.06,2.9,,,,,,,
09/04/2014,09:32:03,20.2205,-72.213,70.89,3.44,,,,,,,
04/07/2014,04:21:43,20.1991,-70.275,44.19,3.23,,,,,,,
11/07/2014,00:24:00,20.1853,-71.818,2,3.72,,,,,,,
27/04/2014,08:19:44,20.1792,-71.672,37.24,3.16,,,,,,,
31/08/2014,20:15:00,20.1788,-70.3401,5.76,3.25,,,,,,,    
07/05/2014,08:53:49,20.1757,-70.616,18.53,3.08,,,,,,,
06/03/2014,04:19:26,20.1663,-70.206,28.32,3.26,,,,,,,
17/02/2014,10:24:43,20.1387,-70.619,0.67,3.54,,,,,,,
06/05/2014,00:24:09,20.1283,-70.858,3,3.16,,,,,,,
01/09/2014,15:55:00,20.1166,-70.2763,108.21,3.45,,,,,,,
01/12/2014,13:56:00,20.1158,-71.4805,35.9,3.06,,,,,,,
08/06/2014,08:16:35,20.1151,-70.865,28.57,3.03,,,,,,,    
15/07/2014,20:21:31,20.101,-72.279,76.27,3.81,,,,,,,
07/05/2014,22:36:12,20.0893,-71.008,8.32,2.56,,,,,,,
01/05/2014,22:20:45,20.0883,-70.636,97.88,3.39,,,,,,,    
09/06/2014,03:30:02,20.085,-70.556,49.56,2.93,,,,,,,
07/05/2014,19:09:55,20.0843,-70.986,2.32,2.83,,,,,,,
25/06/2014,08:09:11,20.0828,-71.141,3,3.28,,,,,,,
23/01/2014,01:02:32,20.0777,-70.864,3,3.4,,,,,,,
24/03/2014,13:31:26,20.0712,-71.119,101.9,3.82,,,,,,,
17/01/2014,21:21:53,20.0693,-70.135,35.45,3.69,,,,,,,
29/11/2014,09:33:00,20.069,-70.192,10,3.71,,,,,,,
08/07/2014,06:24:32,20.0683,-70.689,71.36,2.73,,,,,,,
03/12/2014,23:04:00,20.0541,-70.4541,4,3.3,,,,,,,
14/01/2014,12:26:23,20.0517,-71.031,1,3.39,,,,,,,    
20/11/2014,19:42:00,20.0496,-70.9725,40.86,3.16,,,,,,,
21/03/2014,22:19:04,20.0492,-70.368,24.49,3.36,,,,,,,
11/07/2014,01:19:36,20.0411,-70.369,20.5,2.98,,,,,,,
19/08/2014,15:51:37,20.0306,-71.05,121.53,3.57,,,,,,,
30/11/2014,08:48:00,20.0285,-70.8001,4.95,2.6,,,,,,,
16/06/2014,06:38:33,20.027,-71.264,15.63,2.07,,,,,,,    
02/06/2014,04:08:30,20.0205,-71.163,36.78,2.68,,,,,,,
26/09/2014,23:26:00,20.0143,-71.0196,10,2.52,,,,,,,    
15/07/2014,20:31:34,19.9983,-70.22,10.76,3.51,,,,,,,
15/07/2014,21:37:24,19.9966,-70.208,10.72,3.37,,,,,,,
01/01/2014,05:48:04,19.9948,-70.203,50.69,3.11,,,,,,,
14/03/2014,11:54:01,19.9933,-70.785,107.71,3.63,,,,,,,
22/01/2014,00:43:12,19.9902,-70.948,101.79,3.56,,,,,,,    
30/09/2014,11:01:00,19.9896,-71.2175,30.75,3.12,,,,,,,
30/09/2014,11:01:00,19.9896,-71.2175,30.75,3.12,,,,,,,
15/07/2014,17:16:56,19.9866,-70.175,10.44,3.37,,,,,,,
23/03/2014,20:49:35,19.9858,-70.973,110.51,3.5,,,,,,,
02/06/2014,08:56:04,19.9843,-71.174,36.5,2.73,,,,,,,
02/03/2014,20:05:12,19.9825,-71.094,61.73,3.55,,,,,,,
04/06/2014,01:31:19,19.9751,-71.215,28.5,2.98,,,,,,,
05/06/2014,04:15:18,19.9726,-72.668,89.89,3.41,,,,,,,
02/06/2014,05:20:08,19.9715,-71.233,23.87,3.17,,,,,,,    
24/03/2014,13:31:23,19.9642,-71.372,99.88,4.03,,,,,,,
06/05/2014,17:13:58,19.9638,-70.637,3,3.21,,,,,,,
16/06/2014,04:21:33,19.9626,-71.232,20.26,2.99,,,,,,,
02/06/2014,01:43:33,19.9613,-69.65,10.02,2.41,,,,,,,
02/06/2014,05:36:20,19.9576,-71.233,26.91,3.16,,,,,,,
04/03/2014,20:41:17,19.9533,-71.307,101.52,3.65,,,,,,,
10/06/2014,06:46:50,19.9528,-71.232,20,2.91,,,,,,,
24/10/2014,19:31:00,19.9518,-69.2286,24.81,2.49,,,,,,,
19/03/2014,07:29:21,19.9477,-70.308,5,2.95,,,,,,,
14/03/2014,03:32:09,19.9442,-70.356,108.77,3.74,,,,,,,
14/03/2014,03:32:09,19.9442,-70.356,108.77,3.74,,,,,,,
02/06/2014,03:35:16,19.944,-71.234,28.2,3.2,,,,,,,
01/02/2014,18:02:58,19.9438,-71.837,110.16,3.85,,,,,,,
14/03/2014,00:12:24,19.9423,-70.359,94.18,3.39,,,,,,,
04/07/2014,01:59:43,19.9416,-70.315,2.07,3.15,,,,,,,
02/06/2014,09:03:36,19.9413,-71.179,30.75,3.23,,,,,,,
24/03/2014,13:54:07,19.9407,-70.954,103.15,3.62,,,,,,,
18/11/2014,18:41:00,19.9381,-70.7031,40.69,3.65,,,,,,,
15/11/2014,01:59:00,19.938,-70.0428,53.86,3.51,,,,,,,
04/03/2014,17:17:41,19.9362,-71.411,97.19,3.68,,,,,,,
06/08/2014,17:56:18,19.929,-70.59,106.6,3.44,,,,,,,
29/04/2014,18:39:11,19.9283,-70.558,111.88,3.78,,,,,,,
15/01/2014,22:42:35,19.9253,-71.942,38.8,3.48,,,,,,,
08/08/2014,05:19:16,19.9123,-70.473,0.09,3.22,,,,,,,
02/06/2014,01:35:18,19.9095,-71.216,20.84,3.17,,,,,,,
10/06/2014,06:46:51,19.9025,-71.185,38.25,2.98,,,,,,,    
18/01/2014,13:04:40,19.899,-70.181,1.95,3.3,,,,,,,
02/06/2014,03:09:33,19.8903,-71.375,20.41,3.29,,,,,,,
23/05/2014,13:36:34,19.8878,-69.362,10,2.84,,,,,,,
03/06/2014,15:43:58,19.885,-71.264,10,3.26,,,,,,,
27/06/2014,07:12:02,19.8705,-71.161,47.64,3.04,,,,,,,
21/01/2014,18:23:31,19.8633,-70.437,116.75,3.71,,,,,,,
11/04/2014,12:23:36,19.8507,-69.124,20.14,3.19,,,,,,,
25/09/2014,01:50:00,19.848,-70.7381,48.47,3.35,,,,,,,
18/08/2014,21:27:53,19.8401,-68.425,9.85,3.33,,,,,,,
02/06/2014,01:07:04,19.8336,-71.035,5.38,3.22,,,,,,,
30/11/2014,23:04:00,19.8303,-69.9771,8.04,3.23,,,,,,,
20/01/2014,11:18:15,19.8262,-70.06,66.9,2.96,,,,,,,
20/11/2014,19:42:00,19.8183,-71.2045,4.9,3,,,,,,,    
25/09/2014,01:50:00,19.8181,-70.7231,40.22,3.44,,,,,,,
11/01/2014,08:54:21,19.8175,-69.769,15.17,3.03,,,,,,,
10/07/2014,19:46:21,19.8163,-70.436,103.23,3.65,,,,,,,
18/05/2014,17:27:29,19.8151,-70.422,8.99,3.57,,,,,,,
03/06/2014,21:49:20,19.815,-71.222,2.15,3.4,,,,,,,
14/07/2014,18:30:28,19.8015,-70.47,109.61,3.59,,,,,,,
20/05/2014,04:10:40,19.8011,-69.982,41.4,2.88,,,,,,,
28/01/2014,21:44:02,19.8007,-68.43,6.7,3.06,,,,,,,    
18/07/2014,10:11:43,19.7985,-70.437,3,3.55,,,,,,,    
08/07/2014,19:55:08,19.7975,-68.775,10.12,3.08,,,,,,,
13/02/2014,20:19:34,19.7968,-70.402,43.26,3.11,,,,,,,
28/11/2014,21:45:00,19.7905,-68.9726,67.96,3.33,,,,,,,    
16/12/2014,02:50:00,19.7901,-70.0445,47.53,3.45,,,,,,,
13/05/2014,04:35:02,19.7886,-69.809,76.1,3.41,,,,,,,
31/03/2014,10:25:29,19.7873,-70.812,6.05,3.13,,,,,,,
02/06/2014,04:21:40,19.7796,-70.665,20.07,2.22,,,,,,,
24/01/2014,23:42:27,19.7703,-68.873,20.16,2.79,,,,,,,
09/06/2014,01:24:17,19.7675,-71.037,20,3.17,,,,,,,
08/09/2014,08:21:00,19.7663,-71.8126,31.77,2.79,,,,,,,
26/02/2014,21:58:14,19.762,-70.813,4.21,3.34,,,,,,,
14/03/2014,08:03:29,19.7598,-70.424,3.8,3.05,,,,,,,
08/09/2014,08:21:00,19.7516,-71.7815,13.35,2.78,,,,,,,
10/11/2014,19:48:00,19.746,-70.0123,5,3.47,,,,,,,
03/06/2014,21:19:56,19.7387,-70.672,10.69,2.8,,,,,,,
17/12/2014,08:10:00,19.7371,-71.2185,32.87,3.26,,,,,,,
27/04/2014,05:09:15,19.7327,-70.085,57.73,3.3,,,,,,,
11/07/2014,00:36:40,19.7313,-70.107,14.19,3.02,,,,,,,
30/04/2014,19:26:05,19.731,-71.096,3.15,3.79,,,,,,,
20/12/2014,03:03:00,19.7303,-71.0345,0,3.33,,,,,,,
05/11/2014,01:38:00,19.729,-69.992,45.3,3.15,,,,,,,
18/09/2014,21:30:00,19.7261,-69.9166,79.84,3.32,,,,,,,
14/04/2014,06:14:17,19.7223,-69.911,30.16,2.75,,,,,,,
02/06/2014,02:08:48,19.72,-70.741,11.25,2.14,,,,,,,
22/11/2014,10:21:00,19.7185,-71.2228,10,2.94,,,,,,,
31/01/2014,13:06:56,19.7165,-68.637,9.18,3.03,,,,,,,
25/04/2014,05:49:40,19.7158,-69.543,10,3.32,,,,,,,
14/03/2014,08:19:44,19.7138,-70.758,8.11,3.86,,,,,,,
02/06/2014,00:38:03,19.7138,-71.27,39.51,3.14,,,,,,,
17/12/2014,07:22:00,19.7128,-71.1495,49.02,2.56,,,,,,,
05/03/2014,04:53:03,19.7128,-71.753,41.63,3.13,,,,,,,
17/06/2014,00:08:24,19.7098,-71.41,12.49,2.4,,,,,,,
09/08/2014,16:56:24,19.7088,-70.662,13.25,3.24,,,,,,,
29/01/2014,23:59:10,19.7078,-69.782,91.16,3.37,,,,,,,    
05/11/2014,02:05:00,19.7078,-69.9818,41.67,3.23,,,,,,,    
20/06/2014,23:34:31,19.7076,-70.791,6.11,3.23,,,,,,,
19/08/2014,07:37:36,19.707,-68.096,38.08,3.73,,,,,,,
31/01/2014,02:15:41,19.7047,-69.497,10.89,3.22,,,,,,,
14/03/2014,08:12:01,19.7038,-70.584,4.34,3.66,,,,,,    ,
21/05/2014,14:56:24,19.7033,-71.243,47.37,2.94,,,,,,,
16/05/2014,13:55:45,19.7026,-69.663,11.92,3.05,,,,,,,
13/05/2014,18:41:19,19.6978,-69.437,21.64,3.17,,,,,,,
17/12/2014,07:37:00,19.697,-71.2346,50.02,3.08,,,,,,,    
03/06/2014,21:51:24,19.6965,-70.773,11.71,2.37,,,,,,,
26/03/2014,01:45:01,19.6958,-71.191,21.61,2.79,,,,,,,
09/06/2014,12:16:33,19.6945,-69.355,0.84,3.08,,,,,,,
23/02/2014,01:49:20,19.6937,-69.85,76.39,3.46,,,,,,,
16/10/2014,14:12:00,19.6928,-70.5803,16.24,1.79,,,,,,,
02/06/2014,01:01:21,19.6905,-71.261,24.05,4.03,,,,,,,
02/04/2014,14:16:03,19.6858,-71.393,8.1,3.05,,,,,,,
16/06/2014,07:42:06,19.6758,-68.955,38.92,3.14,,,,,,,
15/07/2014,19:44:08,19.6746,-68.855,9.64,3.12,,,,,,,
18/01/2014,09:05:42,19.6745,-70.013,120.82,3.29,,,,,,,
19/09/2014,15:55:00,19.6708,-68.888,8.83,3.21,,,,,,,
14/05/2014,03:00:48,19.6701,-69.558,10.75,3,,,,,,,
01/02/2014,20:50:39,19.67,-70.918,0,3.28,,,,,,,    
11/06/2014,13:40:09,19.6686,-71.54,20,2.66,,,,,,,
02/06/2014,02:28:05,19.6675,-70.794,12.2,2.14,,,,,,,
23/02/2014,04:21:18,19.667,-69.748,98.18,3.14,,,,,,,    
30/01/2014,09:08:43,19.6648,-69.485,20,3.1,,,,,,,
27/04/2014,10:40:17,19.6648,-70.325,41.15,3.18,,,,,,,
06/01/2014,21:37:45,19.6615,-69.716,25.48,3.31,,,,,,,
21/07/2014,21:03:04,19.657,-68.575,15.13,3.13,,,,,,,
14/03/2014,06:25:38,19.6568,-70.913,105.26,3.58,,,,,,,
23/02/2014,21:22:58,19.6537,-70.731,5,3.96,,,,,,,    
17/12/2014,07:42:00,19.6536,-71.1241,42.44,2.51,,,,,,,
21/12/2014,07:14:00,19.6505,-69.5983,0,3.11,,,,,,,
13/11/2014,12:24:00,19.6483,-70.8096,10,3.03,,,,,,,
28/06/2014,22:09:47,19.6466,-69.229,9.8,3.1,,,,,,,    
02/06/2014,04:47:00,19.6456,-69.733,75.16,3.34,,,,,,,
17/07/2014,22:59:53,19.6456,-72.101,6.5,3.38,,,,,,,
03/02/2014,06:17:42,19.6455,-70.897,0.81,3.27,,,,,,,
24/04/2014,13:39:32,19.645,-69.495,10.97,2.97,,,,,,,
23/02/2014,21:19:02,19.6443,-70.701,0,3.05,,,,,,,
16/10/2014,13:34:00,19.6416,-69.6941,10.1,2.11,,,,,,,
18/08/2014,19:56:57,19.6396,-70.477,11.51,3.17,,,,,,,
23/12/2014,15:51:00,19.6366,-68.0666,8.8,3.54,,,,,,,
17/12/2014,08:50:00,19.6353,-70.0215,23.3,3.16,,,,,,,    
17/12/2014,08:21:00,19.6343,-71.105,41.35,2.64,,,,,,,    
30/12/2014,11:36:00,19.63,-69.9558,57.47,3.13,,,,,,,
01/08/2014,12:47:29,19.6278,-69.296,10.28,3.29,,,,,,,
25/06/2014,11:54:51,19.627,-69.893,4.46,2.76,,,,,,,
06/05/2014,13:59:56,19.6248,-71.066,19.92,3.12,,,,,,,
25/05/2014,21:05:09,19.619,-70.244,0,3.27,,,,,,,
07/03/2014,06:16:22,19.615,-67.714,24.87,4.01,,,,,,,
20/11/2014,14:24:00,19.613,-70.6076,25.84,3.33,,,,,,,
06/03/2014,22:19:26,19.6122,-67.742,21.52,3.18,,,,,,,
03/12/2014,02:10:00,19.6118,-70.8076,47.74,2.74,,,,,,,
05/02/2014,02:18:56,19.6048,-70.654,20,3,,,,,,,
26/08/2014,23:13:00,19.6035,-68.9818,9.42,3.02,,,,,,,
28/02/2014,19:58:30,19.6035,-71.132,114.11,3.6,,,,,,,
29/11/2014,04:31:00,19.602,-69.6553,33.46,3.3,,,,,,,
01/08/2014,01:27:10,19.598,-69.929,9.61,3.03,,,,,,,
05/11/2014,01:35:00,19.5955,-70.1456,11.16,3.15,,,,,,,
08/05/2014,11:25:28,19.5938,-70.371,82.29,3.33,,,,,,,
19/05/2014,12:09:45,19.5888,-68.81,10.39,2.94,,,, ,,,
18/07/2014,01:37:18,19.5851,-70.914,90.83,3.41,,,,,,,
26/06/2014,15:18:28,19.582,-69.791,10.22,2.55,,,,,,,
09/01/2014,16:17:58,19.58,-67.87,34.71,3.58,,,,,,,
28/05/2014,22:58:30,19.5798,-69.413,10.9,3.03,,,,,,,
16/01/2014,07:41:45,19.5767,-69.237,9.97,3.11,,,,,,,
09/03/2014,22:02:43,19.5757,-67.789,24.3,3.64,,,,,,,
03/12/2014,02:10:00,19.5741,-70.8243,34.39,2.71,,,,,,,
25/04/2014,09:02:17,19.5705,-69.832,12.23,3.03,,,,,,,
24/01/2014,07:38:23,19.57,-69.397,29.16,2.77,,,,,,,
12/08/2014,12:21:43,19.5691,-71.273,31.7,3.16,,,,,,,
04/06/2014,13:11:26,19.5681,-69.845,4.46,1.97,,,,,,,
13/05/2014,12:22:40,19.5647,-68.497,10.21,3.04,,,,,,,
10/11/2014,05:16:00,19.5645,-70.066,3.14,,,,,,,,
16/05/2014,12:58:43,19.5636,-68.97,95.22,3.26,,,,,,,
05/06/2014,17:48:31,19.5623,-69.888,0.21,3.41,,,,,,,
09/04/2014,11:50:26,19.561,-70.317,20.69,2.76,,,,,,,
14/03/2014,08:26:46,19.5608,-70.815,3.6,3,,,,,,,
23/02/2014,21:22:58,19.5608,-70.851,69.93,3.81,,,,,,,
27/07/2014,23:41:22,19.5605,-68.861,8.86,3.24,,,,,,,
06/01/2014,12:12:40,19.5602,-68.278,24.96,3.46,,,, ,,,
02/07/2014,20:42:24,19.5578,-69.178,58.82,3.16,,,,,,,
16/12/2014,02:50:00,19.5578,-70.1896,44.9,3.41,,,,,,,    
09/06/2014,11:55:00,19.5575,-69.792,6.18,2.24,,,,,,,
25/03/2014,20:04:37,19.5572,-68.244,9.56,2.86,,,,,,,    
09/06/2014,09:02:31,19.5566,-68.972,9.45,3.21,,,,,,,
07/04/2014,19:39:43,19.5542,-68.823,10.6,2.88,,,,,,,
21/08/2014,13:12:04,19.5528,-69.825,9.16,3.13,,,,,,,
26/04/2014,14:19:53,19.5506,-70.315,0,3.51,,,,,,,
08/03/2014,09:35:37,19.5477,-67.958,39.55,3.78,,,,,,,
07/05/2014,00:30:46,19.5443,-71.19,43.84,3.47,,,,,,,
08/03/2014,06:34:24,19.5428,-68.017,65.94,4.05,,,,,,,
19/06/2014,07:12:30,19.5428,-69.83,2,3.04,,,,,,,
07/08/2014,20:41:54,19.5426,-68.187,9.04,3.16,,,,,,,
12/01/2014,11:16:24,19.541,-68.813,10.51,3,,,,,,,
23/05/2014,01:24:22,19.536,-69.44,11.21,2.86,,,,,,,
08/03/2014,03:50:22,19.5345,-67.97,24.86,3.99,,,,,,,
12/02/2014,13:18:32,19.5292,-68.97,9.51,3.13,,,,,,,    
10/12/2014,12:46:00,19.5235,-69.902,16.96,3.26,,,,,,,
21/05/2014,01:33:16,19.5193,-70.474,29.11,3.14,,,,,,,
17/12/2014,07:23:00,19.5188,-71.0613,12.64,2.37,,,,,,,
12/12/2014,07:24:00,19.5186,-69.749,13.01,3.34,,,,,,,
15/09/2014,12:44:00,19.5181,-69.7741,3.19,1.96,,,,,,,
20/01/2014,12:33:12,19.5155,-69.19,24.5,3.23,,,,,,,
29/11/2014,08:33:00,19.5121,-69.3621,7.11,3.27,,,,,,,
25/08/2014,17:36:00,19.5093,-70.458,15.64,2.73,,,,,,,
12/08/2014,04:57:28,19.509,-70.364,34.86,2.83,,,,,,,
15/04/2014,09:49:00,19.5065,-70.388,10,3.2,,,,,,,
17/12/2014,08:20:00,19.5065,-71.0503,12.46,2.32,,,,,,,
09/06/2014,07:00:39,19.5043,-69.787,10.81,2.57,,,,,,,
17/07/2014,00:40:40,19.5028,-68.843,10.45,3.1,,,,,,,
22/01/2014,21:39:32,19.5027,-68.634,9.13,3.04,,,,,,,
16/10/2014,12:58:00,19.5018,-71.0698,5,2.37,,,,,,,
01/09/2014,21:18:00,19.4966,-68.0868,20.2,3.31,,,,,,,
17/12/2014,07:22:00,19.4946,-71.032,11.87,2.5,,,,,,,
21/05/2014,01:58:46,19.493,-70.514,16.54,3.09,,,,,,,
28/07/2014,22:44:24,19.4903,-68.91,31.93,3.11,,,,,,,
24/03/2014,14:19:35,19.4893,-70.806,3,3.47,,,,,,,
24/02/2014,15:19:32,19.4862,-70.848,91.53,3.82,,,,,,,
22/04/2014,15:15:13,19.486,-68.783,10.37,3.01,,,,,,,    
24/04/2014,08:57:40,19.482,-69.491,10,2.97,,,,,,,    
27/06/2014,16:00:24,19.4803,-68.675,3.5,3.4,,,,,,,
21/05/2014,15:14:00,19.4743,-70.755,10.01,2.57,,,,,,,
17/06/2014,00:18:31,19.4728,-67.869,24.83,3.58,,,,,,,
03/01/2014,07:01:41,19.4698,-67.902,24.82,3.68,,,,,,,
21/08/2014,04:14:25,19.4685,-70.329,0.47,2.68,,,,,,,
18/11/2014,02:26:00,19.4683,-70.4613,10,3.17,,,,,,,
21/05/2014,02:45:38,19.4676,-70.527,18.81,2.94,,,,,,,
23/05/2014,20:22:55,19.4643,-68.829,10.75,2.98,,,,,,,
14/07/2014,06:03:54,19.4638,-69.722,5.87,3.21,,,,,,,
05/08/2014,01:25:04,19.4638,-70.177,20.28,3.18,,,,,,,
17/11/2014,17:20:00,19.4598,-70.4258,3.71,3.27,,,,,,,
15/04/2014,23:54:53,19.4583,-68.834,10.8,2.93,,,,,,,
09/07/2014,03:23:16,19.4578,-67.945,8.66,3.27,,,,,,,
23/05/2014,08:51:15,19.456,-69.153,49.24,3.08,,,,,,,
17/06/2014,23:58:04,19.4533,-69.077,7.27,2.74,,,,,,,
09/05/2014,13:16:27,19.4522,-68.959,0,3.07,,,,,,,
11/03/2014,07:30:11,19.4508,-71.256,73.19,3,,,,,,,
10/04/2014,00:24:23,19.4502,-69.274,9.96,2.91,,,,,,,
18/12/2014,14:16:00,19.45,-68.1623,10.32,3.07,,,,,,,
14/07/2014,16:26:27,19.4488,-70.027,26.13,3.01,,,,,,,
03/03/2014,05:57:35,19.4472,-68.903,20,3.46,,,,,,,
18/03/2014,06:10:08,19.4453,-69.285,9.96,3.15,,,,,,,
19/11/2014,01:52:00,19.4448,-67.8158,23.85,3.41,,,,,,,
07/03/2014,13:13:29,19.4433,-67.957,12.05,3.19,,,,,,,
09/08/2014,15:27:35,19.4431,-70.545,16.83,4.43,,,,,,,
05/01/2014,17:45:12,19.443,-69.195,13.53,3.4,,,,,,,
10/02/2014,11:22:45,19.4397,-67.963,24.67,3.15,,,,,,,    
22/07/2014,01:07:59,19.4355,-69.243,9.87,2.93,,,,,,,    
02/07/2014,14:01:18,19.4335,-67.846,11.17,3.54,,,,,,,
29/07/2014,01:20:05,19.4308,-67.825,67.88,3.85,,,,,,,
05/07/2014,00:50:10,19.4298,-68.955,65.21,3.42,,,,,,,    
20/01/2014,04:24:14,19.4272,-71.096,30,2.87,,,,,,,
23/02/2014,18:31:25,19.4268,-70.929,113.78,3.52,,,,,,,
26/12/2014,11:55:00,19.4245,-70.4911,2.76,2.97,,,,,,,
15/06/2014,01:17:32,19.424,-70.062,65.22,2.71,,,,,,,
23/05/2014,18:37:38,19.4195,-69.087,9.15,2.58,,,,,,,
14/08/2014,13:54:31,19.4096,-67.97,4.44,3.39,,,,,,,
04/07/2014,04:31:16,19.4025,-69.507,90,3.13,,,,,,,    
04/06/2014,10:30:12,19.4011,-69.17,24.79,2.11,,,,,,,
08/01/2014,04:26:39,19.398,-68.963,1.28,3.21,,,,,,,
09/08/2014,15:13:21,19.3961,-70.597,18.76,3.54,,,,,,,
07/05/2014,16:00:07,19.3957,-68.256,24.72,3.33,,,,,,,
28/06/2014,11:34:57,19.3951,-69.217,75.01,3.91,,,,,,,
29/06/2014,13:14:34,19.3926,-69.675,71.52,2.92,,,,,,,
10/02/2014,06:17:32,19.3903,-68.352,88.77,3.32,,,,,,,
09/12/2014,23:35:00,19.3845,-70.9225,98.15,2.86,,,,,,,
29/04/2014,16:38:54,19.3833,-68.852,79.44,3.31,,,,,,,
10/11/2014,11:47:00,19.3831,-70.0908,11.54,3.34,,,,,,,
20/02/2014,03:35:44,19.3793,-67.895,30.38,3.56,,,,,,,
04/06/2014,12:21:09,19.377,-69.654,20.7,3.07,,,,,,,
16/08/2014,00:17:00,19.3705,-68.616,9.16,3,,,,,,,
23/07/2014,00:41:59,19.3683,-69.436,38.34,2.27,,,,,,,
23/07/2014,00:41:59,19.3683,-69.436,38.34,2.27,,,,,,,
24/04/2014,09:07:37,19.3657,-69.603,65,3.18,,,,,,,
24/03/2014,07:47:26,19.365,-69.813,64.62,3.02,,,,,,,
20/06/2014,15:10:04,19.3587,-71.011,93.7,3.16,,,,,,,
23/07/2014,00:42:00,19.3533,-69.441,33.12,3.11,,,,,,,
07/09/2014,15:27:00,19.353,-69.4396,10,2.41,,,,,,,
17/01/2014,14:56:53,19.353,-69.745,0.19,2.47,,,,,,,
10/03/2014,17:31:53,19.352,-67.695,24.96,3.34,,,,,,,
03/06/2014,06:05:28,19.3436,-69.654,84.36,2.1,,,,,,,
24/09/2014,02:23:00,19.341,-69.1648,12.59,2.25,,,,,,,
10/03/2014,15:47:18,19.3368,-67.765,38.33,4.06,,,,,,,
29/06/2014,05:21:21,19.3316,-71.235,78.02,2.86,,,,,,,
17/04/2014,08:01:07,19.3278,-68.673,51.25,3.27,,,,,,,
08/05/2014,21:21:53,19.3271,-69.081,13.51,3.21,,,,,,,
23/09/2014,02:16:00,19.327,-72.3756,7,3,,,,,,,
14/08/2014,19:51:35,19.3206,-68.388,2.37,2.94,,,,,,,
28/08/2014,18:26:00,19.3198,-69.8923,87.12,3.39,,,,,,,
03/01/2014,10:14:54,19.3147,-67.954,74.18,4.15,,,,,,,
14/03/2014,08:10:15,19.3142,-71.067,56.72,3.31,,,,,,,
13/01/2014,08:06:31,19.314,-68.069,10.67,3.01,,,,,,,
03/03/2014,17:46:42,19.3105,-68.95,104.94,3.15,,,,,,,
11/10/2014,09:25:00,19.2978,-69.4,9.18,3.08,,,,,,,
04/03/2014,10:21:56,19.2948,-69.372,63.21,3.19,,,,,,,
21/09/2014,14:05:00,19.2938,-69.6983,10,4.14,,,,,,,
07/09/2014,05:34:00,19.293,-69.9438,10,3.03,,,,,,,
11/06/2014,12:34:49,19.2921,-68.884,31.28,3.13,,,,,,,
03/04/2014,12:49:44,19.2917,-67.127,34.24,3.07,,,,,,,
24/06/2014,10:14:29,19.2803,-69.783,27.69,2.8,,,,,,,
13/11/2014,08:46:00,19.2758,-68.9748,22.31,2.82,,,,,,,
27/04/2014,06:36:35,19.2733,-68.304,24.85,3.15,,,,,,,
25/10/2014,06:43:00,19.27,-68.5821,77.93,3.58,,,,,,,
25/06/2014,00:50:10,19.27,-69.804,28.03,2.82,,,,,,,
21/08/2014,06:14:30,19.2681,-70.12,70.72,2.53,,,,,,,
24/02/2014,08:21:09,19.2608,-71.141,42.48,3.54,,,,,,,
07/02/2014,01:54:57,19.2595,-70.773,42.06,2.43,,,,,,,
15/04/2014,17:11:31,19.2522,-70.072,10.1,3.11,,,,,,,
28/01/2014,03:29:50,19.2477,-69.835,95.81,2.55,,,,,,,
15/07/2014,14:51:03,19.2456,-68.311,100.67,3.43,,,,,,,
27/11/2014,17:15:00,19.2403,-70.0156,7.48,3.03,,,,,,,
12/02/2014,01:27:20,19.2385,-69.062,100.3,3.59,,,,,,,
09/08/2014,00:33:34,19.2318,-70.347,9.93,3.07,,,,,,,
07/02/2014,13:37:46,19.2207,-68.213,7.78,3.41,,,,,,,
22/10/2014,10:06:00,19.2168,-69.9075,17.86,3.28,,,,,,,
06/03/2014,21:56:48,19.2147,-67.878,34.86,4.96,,,,,,,
19/01/2014,04:03:45,19.2128,-70.487,44.65,2.86,,,,,,,
16/10/2014,12:38:00,19.2126,-68.4261,5,3.28,,,,,,,
08/12/2014,05:49:00,19.2103,-68.9828,20,3.35,,,,,,,
12/06/2014,02:04:41,19.2093,-70.04,8.41,1.86,,,,,,,
12/02/2014,01:24:20,19.2092,-70.117,58.92,2.99,,,,,,,
13/03/2014,17:42:07,19.2067,-69.335,57.52,3.25,,,,,,,
17/02/2014,19:33:46,19.206,-72.353,13.73,3,,,,,,,
01/01/2014,02:14:14,19.205,-68.253,3.36,3.29,,,,,,,
23/10/2014,20:15:00,19.2041,-70.123,20,1.67,,,,,,,
04/04/2014,19:07:42,19.2038,-68.494,70.58,3.4,,,,,,,
29/09/2014,15:35:00,19.2025,-68.289,1.39,3.22,,,,,,,
10/04/2014,20:25:39,19.201,-69.408,19.51,2.27,,,,,,,
18/05/2014,06:47:32,19.1983,-69.098,39.44,3.82,,,,,,,
12/11/2014,07:10:00,19.1976,-68.68,91.95,3.87,,,,,,,
19/09/2014,15:58:00,19.1943,-69.4913,9.02,3.14,,,,,,,
27/11/2014,02:26:00,19.1898,-69.7345,102.23,2.98,,,,,,,
14/02/2014,04:22:14,19.1867,-68.876,44.09,3.51,,,,,,,
08/03/2014,00:55:24,19.1803,-67.859,69.62,3.64,,,,,,,
11/06/2014,13:46:27,19.1799,-69.049,32.71,3.29,,,,,,,
18/01/2014,08:41:26,19.1771,-68.575,20.93,3.16,,,,,,,
04/03/2014,09:33:26,19.1765,-67.349,24.58,3.69,,,,,,,
26/06/2014,11:25:22,19.1751,-69.589,93.5,3.35,,,,,,,
22/12/2014,04:47:00,19.1715,-69.3645,0,3.36,,,,,,,
10/05/2014,01:23:27,19.167,-69.636,81.22,3.37,,,,,,,
20/02/2014,19:07:38,19.1667,-67.877,24.53,3.29,,,,,,,
20/01/2014,13:39:13,19.1618,-69.959,20,2.93,,,,,,,
24/04/2014,09:44:24,19.1617,-69.646,87.8,3.06,,,,,,,
12/02/2014,03:56:42,19.1598,-70.151,38.64,2.93,,,,,,,
16/01/2014,03:39:27,19.1567,-70.849,110.7,2.97,,,,,,,
23/07/2014,00:29:53,19.1551,-69.727,79.89,3.37,,,,,,,
24/04/2014,06:52:58,19.1513,-69.608,110.02,4.01,,,,,,,
24/07/2014,20:31:52,19.1498,-69.345,3.52,3.03,,,,,,,
27/05/2014,11:41:21,19.1486,-68.137,6.8,3.46,,,,,,,
19/03/2014,11:59:46,19.1477,-68.155,12.36,3.06,,,,,,,
27/01/2014,06:22:27,19.1463,-69.578,136.38,3.01,,,,,,,
09/12/2014,14:51:00,19.1441,-71.3315,68.39,3.15,,,,,,,
04/01/2014,10:25:28,19.1427,-69.271,48.11,2.93,,,,,,,
14/05/2014,01:39:00,19.1418,-69.435,67.05,3.13,,,,,,,
11/05/2014,13:50:33,19.1408,-68.056,20,3.27,,,,,,,
08/06/2014,09:31:20,19.1402,-68.81,20.1,2.5,,,,,,,
23/07/2014,20:20:12,19.1386,-68.2,20.47,2.89,,,,,,,
28/12/2014,07:04:00,19.1368,-70.6788,9.4,2.62,,,,,,,
17/01/2014,07:55:14,19.1348,-69.935,26.29,2.8,,,,,,,
27/02/2014,12:46:43,19.1325,-72.279,2,3.21,,,,,,,
24/03/2014,13:49:24,19.132,-69.841,21.7,3.23,,,,,,,
02/09/2014,11:18:00,19.1298,-69.5646,5,2.48,,,,,,,
17/12/2014,02:11:00,19.1266,-69.6598,87.42,3.1,,,,,,,
28/07/2014,06:26:26,19.1228,-68.604,11.18,3.05,,,,,,,
15/01/2014,06:31:31,19.1227,-69.939,40.4,2.66,,,,,,,
17/05/2014,21:47:55,19.1171,-70.471,88.62,3.28,,,,,,,
06/03/2014,02:01:10,19.1162,-68.382,24.61,2.96,,,,,,,
11/04/2014,07:28:05,19.116,-70.275,93.01,2.82,,,,,,,
25/12/2014,09:13:00,19.1128,-69.472,69.1,3.31,,,,,,,
25/12/2014,09:13:00,19.1128,-69.472,69.1,3.31,,,,,,,
31/12/2014,22:20:00,19.1123,-71.1636,87.52,3.31,,,,,,,
14/01/2014,11:24:26,19.1102,-69.945,47.73,3.17,,,,,,,
15/12/2014,17:37:00,19.1071,-69.0221,12.92,3.12,,,,,,,
11/11/2014,18:45:00,19.1071,-69.6153,1.53,2.94,,,,,,,
07/01/2014,06:22:43,19.1065,-68.2,20.02,3.03,,,,,,,
21/03/2014,18:15:40,19.1025,-70.296,97.21,3.2,,,,,,,
17/03/2014,07:31:52,19.1022,-70.309,43.24,3.13,,,,,,,
10/05/2014,01:23:26,19.102,-69.628,87.28,3.73,,,,,,,
20/05/2014,21:07:08,19.1015,-69.617,92.44,3.92,,,,,,,
29/04/2014,14:53:58,19.1003,-68.37,24.2,2.71,,,,,,,
28/12/2014,15:54:00,19.1,-69.0436,8.37,2.97,,,,,,,
29/06/2014,05:19:36,19.1,-70.011,8,2.15,,,,,,,
16/01/2014,19:44:44,19.0985,-69.099,16.65,3.07,,,,,,,
13/01/2014,22:20:36,19.0937,-69.914,53.33,2.76,,,,,,,
15/12/2014,17:38:00,19.0931,-69.0491,11.04,2.63,,,,,,,
24/03/2014,21:32:04,19.093,-69.523,5.56,2.89,,,,,,,
17/12/2014,21:08:00,19.0916,-68.2195,9.65,3.05,,,,,,,
01/01/2014,09:27:19,19.0915,-67.679,25.58,3.33,,,,,,,
16/10/2014,20:28:00,19.0898,-69.2506,21.77,2.79,,,,,,,
28/12/2014,17:30:00,19.0865,-69.0666,4.3,2.29,,,,,,,
27/06/2014,12:01:27,19.086,-68.003,44.7,3.5,,,,,,,
13/01/2014,12:37:06,19.0855,-69.964,10,3,,,,,,,
16/05/2014,22:23:10,19.0851,-69.536,7.67,3,,,,,,,
26/06/2014,13:49:19,19.0848,-68.759,10.68,3.01,,,,,,,
16/08/2014,07:13:59,19.0836,-68.934,2.38,3.29,,,,,,,
27/02/2014,03:06:35,19.0833,-69.731,79.29,3.29,,,,,,,
16/01/2014,23:54:22,19.0815,-69.944,5.21,2.73,,,,,,,
16/01/2014,16:18:20,19.081,-69.978,61.98,2.93,,,,,,,
13/08/2014,12:26:09,19.0803,-69.669,93.24,3.61,,,,,,,
14/01/2014,11:37:22,19.0777,-69.931,20,2.65,,,,,,,
13/08/2014,12:26:09,19.0768,-69.67,93.73,3.69,,,,,,,
04/12/2014,19:32:00,19.074,-69.4193,4.05,2.22,,,,,,,
27/11/2014,09:06:00,19.0738,-71.5603,74.31,3.07,,,,,,,
28/08/2014,21:52:00,19.0701,-69.7698,82.07,2.55,,,,,,,
23/01/2014,04:47:16,19.0685,-69.958,58.93,2.87,,,,,,,
25/04/2014,10:21:28,19.0682,-69.648,88.48,3.33,,,,,,,
13/01/2014,22:20:36,19.0632,-69.97,3,3.11,,,,,,,
17/05/2014,03:37:29,19.0608,-70.873,2.3,3.07,,,,,,,
04/06/2014,20:59:30,19.0585,-69.687,1.76,2.28,,,,,,,
17/01/2014,00:27:35,19.0582,-69.973,3,3,,,,,,,
13/01/2014,12:10:31,19.0577,-69.882,57.21,2.69,,,,,,,
24/08/2014,22:35:00,19.0513,-70.1203,0.01,2.79,,,,,,,
11/07/2014,02:31:46,19.0495,-69.259,0,3.9,,,,,,,
29/03/2014,11:28:12,19.0483,-71.009,94.16,3.19,,,,,,,
17/05/2014,03:35:45,19.0473,-70.89,20,3,,,,,,,
11/07/2014,02:31:47,19.0448,-69.2,9.55,3.84,,,,,,,
07/07/2014,07:13:08,19.0443,-68.843,43.07,3.94,,,,,,,
04/06/2014,20:48:16,19.044,-69.736,32.8,2.06,,,,,,,
16/12/2014,15:25:00,19.0438,-69.6821,92.06,3.03,,,,,,,
14/05/2014,20:29:41,19.0438,-70.994,64.53,3.2,,,,,,,
19/03/2014,07:32:17,19.043,-70.177,25.06,3.28,,,,,,,
16/09/2014,11:46:00,19.04,-70.6713,20,2.74,,,,,,,
16/09/2014,11:46:00,19.04,-70.6713,20,2.74,,,,,,,
22/05/2014,05:15:39,19.0343,-68.113,26.53,2.98,,,,,,,
29/11/2014,20:17:00,19.0341,-69.1111,7.85,2.65,,,,,,,
16/03/2014,13:31:27,19.0325,-69.759,0,2.82,,,,,,,
12/05/2014,22:31:51,19.0271,-69.253,26.32,2.81,,,,,,,
08/04/2014,10:24:20,19.027,-69.286,126.99,3.47,,,,,,,
21/03/2014,21:27:33,19.026,-68.335,8.57,2.98,,,,,,,
22/03/2014,12:15:48,19.024,-68.449,8.36,3.16,,,,,,,
16/11/2014,13:57:00,19.012,-69.03,20,3.12,,,,,,,
18/11/2014,21:05:00,19.0075,-69.0826,8.06,3.13,,,,,,,
17/08/2014,07:28:27,19.0071,-70.298,128.86,2.98,,,,,,,
02/07/2014,21:08:14,19.0041,-69.627,7.93,2.49,,,,,,,
16/09/2014,08:37:00,18.9988,-70.6716,8.04,3.09,,,,,,,
16/09/2014,06:24:00,18.9886,-70.6608,3.03,2.98,,,,,,,
01/08/2014,10:20:41,18.9841,-68.741,20.77,3.37,,,,,,,
10/02/2014,06:01:30,18.9833,-67.626,10,3.18,,,,,,,
09/12/2014,14:55:00,18.9833,-71.7733,73.13,2.4,,,,,,,
25/03/2014,04:19:35,18.9755,-67.805,45.47,3.33,,,,,,,
17/07/2014,16:36:04,18.9681,-69.13,2.1,3.33,,,,,,,
02/01/2014,01:26:55,18.9677,-69.311,90.28,3.37,,,,,,,
15/05/2014,14:55:59,18.9671,-70.07,78.32,3.11,,,,,,,
01/07/2014,04:23:36,18.967,-69.133,69.43,2.55,,,,,,,
05/01/2014,20:59:56,18.9668,-70.719,98.78,2.78,,,,,,,
17/03/2014,13:45:40,18.9663,-70.207,48.05,3.16,,,,,,,
13/01/2014,22:27:21,18.9635,-69.895,55.49,2.46,,,,,,,
17/10/2014,08:27:00,18.9618,-68.3093,2.71,3.15,,,,,,,
14/05/2014,11:50:16,18.9613,-70.866,10,2.87,,,,,,,
30/11/2014,00:15:00,18.9593,-69.047,8.01,2.74,,,,,,,
12/08/2014,09:48:00,18.9563,-72.048,53,3.45,,,,,,,
29/05/2014,11:59:40,18.9536,-71.259,30.45,2.98,,,,,,,
14/09/2014,00:02:00,18.948,-69.8653,20.41,2.29,,,,,,,
14/09/2014,00:02:00,18.948,-69.8653,20.41,2.29,,,,,,,
05/03/2014,12:09:24,18.9435,-68.797,27.48,3.11,,,,,,,
03/02/2014,01:19:17,18.9413,-71.645,112.9,3.18,,,,,,,
15/02/2014,17:17:44,18.9382,-67.943,25.08,3.69,,,,,,,
27/01/2014,04:09:46,18.9365,-68.484,25.11,2.71,,,,,,,
02/07/2014,05:18:38,18.933,-69.91,14.14,2.64,,,,,,,
06/03/2014,02:14:56,18.932,-71.07,104.81,3.03,,,,,,,
09/05/2014,06:12:57,18.931,-69.195,7.1,3.15,,,,,,,
03/03/2014,08:59:44,18.9292,-69.201,118.36,3.44,,,,,,,
29/08/2014,19:29:00,18.9261,-71.5791,53.04,3.31,,,,,,,
12/02/2014,23:20:54,18.9248,-71.933,67.21,3.39,,,,,,,
14/06/2014,20:49:53,18.9233,-70.447,77.3,2.94,,,,,,,
22/04/2014,00:10:31,18.9177,-70.631,54.2,2.86,,,,,,,
17/03/2014,12:55:04,18.9143,-67.966,21.22,3.52,,,,,,,
17/01/2014,14:46:01,18.912,-69.456,86.47,3.05,,,,,,,
20/09/2014,06:23:00,18.9065,-70.2541,108.78,3.06,,,,,,,
12/06/2014,00:04:35,18.8981,-70.244,39.39,2.24,,,,,,,
01/04/2014,08:14:34,18.8917,-68.623,20,2.82,,,,,,,
24/03/2014,18:50:47,18.8893,-69.787,75.73,2.88,,,,,,,
19/04/2014,12:04:32,18.8892,-70.442,122.83,2.74,,,,,,,
17/10/2014,08:30:00,18.8856,-68.2618,24.21,2.9,,,,,,,
09/07/2014,15:05:27,18.8811,-70.21,118.38,3.31,,,,,,,
28/02/2014,00:25:30,18.8795,-69.767,7.2,2.89,,,,,,,
06/02/2014,06:07:05,18.8733,-69.288,76.4,2.78,,,,,,,
03/03/2014,00:25:07,18.8682,-68.82,20.41,3.35,,,,,,,
15/04/2014,17:41:43,18.8677,-70.472,58.01,2.96,,,,,,,
14/01/2014,19:20:52,18.8657,-69.762,7.31,2.53,,,,,,,
07/12/2014,02:42:00,18.8633,-67.9731,25.22,3.25,,,,,,,
21/08/2014,04:52:31,18.862,-69.38,75.93,2.67,,,,,,,
19/05/2014,03:53:27,18.8585,-69.907,82.22,2.73,,,,,,,
14/01/2014,20:52:28,18.8573,-69.809,72.91,3.03,,,,,,,
19/03/2014,13:31:36,18.8563,-69.82,70.6,3.07,,,,,,,
07/09/2014,07:33:00,18.8546,-70.3593,109.9,3.16,,,,,,,
10/12/2014,21:36:00,18.8516,-71.1286,5.48,2.97,,,,,,,
21/02/2014,10:01:58,18.8483,-69.609,93.42,3.12,,,,,,,
23/04/2014,05:44:44,18.8472,-70.082,91.99,2.64,,,,,,,
22/01/2014,17:02:20,18.8412,-67.396,3,3.42,,,,,,,
16/07/2014,08:22:20,18.8393,-70.567,41.36,2.84,,,,,,,
05/01/2014,08:32:10,18.8303,-68.391,24.35,3.1,,,,,,,
17/03/2014,00:02:48,18.8298,-69.718,92.43,2.99,,,,,,,
25/02/2014,21:01:46,18.8295,-67.29,11.56,3.37,,,,,,,
03/02/2014,10:16:30,18.8292,-69.655,73.27,3.27,,,,,,,
24/07/2014,11:00:26,18.8288,-70.171,114.52,3.07,,,,,,,
14/01/2014,11:20:29,18.8282,-69.779,74.28,2.64,,,,,,,
27/08/2014,09:04:00,18.827,-68.779,20.75,2.82,,,,,,,
04/01/2014,18:49:50,18.8268,-67.066,10.88,3.33,,,,,,,
08/12/2014,03:24:00,18.8266,-68.598,10,3.59,,,,,,,
11/02/2014,12:46:10,18.8247,-68.342,93.61,3.19,,,,,,,
15/01/2014,06:35:58,18.8243,-68.351,29.97,2.75,,,,,,,
04/11/2014,06:21:00,18.824,-69.6098,90.24,3.09,,,,,,,
21/03/2014,19:42:10,18.8187,-68.37,57.87,3.33,,,,,,,
01/04/2014,11:21:55,18.8163,-69.779,86.65,3.02,,,,,,,
05/11/2014,06:24:00,18.815,-69.5685,82.92,3.15,,,,,,,
17/04/2014,19:49:13,18.8127,-69.402,73.04,2.54,,,,,,,
22/01/2014,00:24:45,18.8098,-70.211,91.93,3.16,,,,,,,
22/01/2014,14:12:17,18.8077,-67.567,4.17,3.23,,,,,,,
05/03/2014,08:24:47,18.8055,-68.794,2,3.54,,,,,,,
20/02/2014,04:21:50,18.8047,-69.299,126.79,2.7,,,,,,,
13/05/2014,07:45:46,18.804,-70.387,108.14,3.35,,,,,,,
21/01/2014,10:14:16,18.8023,-67.858,113.52,3.44,,,,,,,
23/04/2014,04:37:14,18.8008,-70.005,94.01,2.93,,,,,,,
20/07/2014,03:35:45,18.8003,-69.306,81.89,3.18,,,,,,,
21/01/2014,04:08:43,18.8,-69.055,106.06,3.27,,,,,,,
25/11/2014,11:30:00,18.7983,-69.7461,106.64,2.79,,,,,,,
01/03/2014,02:14:14,18.7978,-69.583,74.93,3.71,,,,,,,
30/05/2014,21:33:28,18.7941,-70.009,89.59,3.06,,,,,,,
22/01/2014,16:01:14,18.7905,-67.603,7.26,3.11,,,,,,,
05/07/2014,07:53:58,18.7885,-70.325,26.02,2.83,,,,,,,
01/12/2014,07:01:00,18.7875,-69.2785,94.59,3.46,,,,,,,
11/06/2014,00:59:53,18.7863,-68.352,72.79,3.13,,,,,,,
01/10/2014,00:34:00,18.7863,-69.7113,77.59,3.34,,,,,,,
13/01/2014,08:24:38,18.7742,-69.744,74.23,2.83,,,,,,,
26/01/2014,01:20:26,18.774,-69.562,99.67,2.88,,,,,,,
12/01/2014,00:56:12,18.7727,-69.506,98.02,2.73,,,,,,,
25/06/2014,23:32:17,18.7713,-69.721,83.99,3.11,,,,,,,
12/02/2014,23:20:07,18.7707,-69.087,131.88,3.56,,,,,,,
23/02/2014,10:10:10,18.7695,-69.506,95.31,3.18,,,,,,,
13/03/2014,20:34:52,18.769,-71.847,90.62,3.35,,,,,,,
03/08/2014,02:33:47,18.766,-70.293,94.62,3.07,,,,,,,    
16/01/2014,19:13:31,18.764,-69.758,83.71,2.79,,,,,,,
26/01/2014,01:20:28,18.7627,-69.495,86.67,2.85,,,,,,,
23/02/2014,23:58:00,18.7597,-68.279,99.46,3.38,,,,,,,
22/12/2014,15:22:00,18.7581,-69.7055,78.82,3.24,,,,,,,
02/03/2014,03:55:01,18.7575,-70.341,95.68,3.05,,,,,,,
14/03/2014,10:54:30,18.7542,-69.741,73.71,3.07,,,,,,,
02/09/2014,08:10:00,18.749,-71.591,47.95,2.63,,,,,,,
10/08/2014,00:08:20,18.7486,-68.199,88.82,4.17,,,,,,,
24/10/2014,22:16:00,18.7483,-69.4913,90.14,2.98,,,,,,,
03/11/2014,02:08:00,18.7478,-69.3948,97.16,2.94,,,,,,,
10/05/2014,02:47:49,18.7445,-70.313,92.07,3.19,,,,,,,
02/06/2014,13:16:08,18.7418,-69.301,105.84,2.94,,,,,,,
10/02/2014,22:25:18,18.74,-70.434,67.73,3.06,,,,,,,
18/01/2014,12:40:54,18.7398,-69.48,87.67,3.1,,,,,,,
07/08/2014,04:16:08,18.7375,-69.963,100.25,3.04,,,,,,,
26/04/2014,08:35:00,18.7372,-70.318,87.65,2.84,,,,,,,
16/12/2014,18:50:00,18.7371,-69.365,96.74,3.37,,,,,,,
09/01/2014,14:57:27,18.7315,-69.424,85.81,2.97,,,,,,,
12/04/2014,13:30:30,18.7275,-70.526,39.79,2.94,,,,,,,
23/06/2014,04:12:22,18.7265,-69.457,94.07,2.85,,,,,,,
26/08/2014,19:20:00,18.722,-69.0808,96.84,3.53,,,,,,,
24/12/2014,01:37:00,18.7216,-69.8006,81.22,2.99,,,,,,,
04/09/2014,03:45:00,18.7216,-71.6883,46.64,2.32,,,,,,,
07/07/2014,09:20:49,18.7206,-67.894,73.47,3.47,,,,,,,
02/01/2014,16:41:39,18.7202,-69.601,108.73,3.39,,,,,,,
15/01/2014,03:33:46,18.719,-69.164,17.71,2.94,,,,,,,
27/08/2014,00:52:00,18.7146,-71.7863,32.14,2.45,,,,,,,
08/11/2014,07:47:00,18.7131,-70.3425,27.84,2.94,,,,,,,
08/01/2014,09:34:18,18.712,-69.166,142.99,3.34,,,,,,,
24/06/2014,03:51:30,18.7108,-70.353,2.4,3.09,,,,,,,
29/04/2014,14:51:53,18.7105,-70.223,72.85,2.71,,,,,,,
18/04/2014,14:16:54,18.7078,-68.767,147.73,3.84,,,,,,,
04/02/2014,12:43:55,18.7058,-70.031,88.67,3.25,,,,,,,
05/05/2014,19:57:38,18.7042,-69.476,90.31,3.54,,,,,,,
12/05/2014,13:27:38,18.7035,-69.093,123.22,3.16,,,,,,,
19/09/2014,22:03:00,18.7035,-69.3405,86.69,3.37,,,,,,,
08/11/2014,19:10:00,18.7031,-70.624,31.17,2.28,,,,,,,
10/05/2014,20:04:39,18.7008,-69.35,96.95,3.17,,,,,,,
09/05/2014,11:46:56,18.6998,-69.748,89.89,3.23,,,,,,,
15/04/2014,01:33:59,18.6937,-69.405,82.8,3.18,,,,,,,
01/08/2014,10:20:35,18.693,-68.845,81.15,3.46,,,,,,,
30/01/2014,08:26:22,18.6915,-67.146,67.39,3.37,,,,,,,
21/05/2014,07:55:57,18.6915,-69.688,99.16,2.84,,,,,,,
07/08/2014,09:23:10,18.6913,-69.686,96.82,2.78,,,,,,,
01/05/2014,12:23:50,18.6897,-68.641,141.95,3.54,,,,,,,
17/03/2014,05:03:52,18.6897,-69.498,101.73,2.8,,,,,,,
24/03/2014,03:40:39,18.6857,-71.474,117.23,3.27,,,,,,,
13/03/2014,20:25:40,18.6855,-69.439,97.26,3.09,,,,,,,
05/06/2014,03:20:52,18.684,-69.539,23.29,3.07,,,,,,,
26/09/2014,01:07:00,18.684,-71.9308,3,2.89,,,,,,,
30/07/2014,19:58:42,18.6838,-71.589,1.28,2.46,,,,,,,
18/03/2014,16:45:02,18.6787,-72.145,72.89,2.94,,,,,,,
23/10/2014,22:41:00,18.6763,-69.4166,94.96,3.42,,,,,,,
14/07/2014,00:49:44,18.674,-70.361,85.02,3.1,,,,,,,
11/04/2014,22:34:33,18.6735,-69.63,87.16,2.89,,,,,,,
29/08/2014,06:45:00,18.6731,-71.5885,0.74,2.47,,,,,,,
07/08/2014,22:29:06,18.6725,-68.478,106.03,3.08,,,,,,,
07/08/2014,22:29:06,18.6725,-68.478,106.03,3.08,,,,,,,
01/08/2014,10:20:35,18.6691,-68.858,82.6,3.42,,,,,,,
06/03/2014,02:26:38,18.6668,-69.363,82.55,3.07,,,,,,,
09/10/2014,23:00:00,18.6646,-72.5183,10.28,3.17,,,,,,,
14/10/2014,13:04:00,18.6635,-68.4283,72.77,3.46,,,,,,,
25/01/2014,18:28:01,18.662,-69.543,85.1,3.08,,,,,,,
15/02/2014,01:48:25,18.6592,-69.441,80.84,3.13,,,,,,,
03/06/2014,02:53:15,18.6561,-69.823,22.31,3.05,,,,,,,
18/01/2014,07:06:57,18.654,-69.777,92.23,4.07,,,,,,,
07/07/2014,10:07:14,18.651,-67.894,84.04,3.66,,,,,,,
15/09/2014,03:40:00,18.6455,-69.1135,122.88,3.69,,,,,,,
19/12/2014,22:36:00,18.6455,-70.2291,80.31,3.19,,,,,,,
22/12/2014,03:44:00,18.645,-68.2583,0,3.49,,,,,,,
09/09/2014,07:42:00,18.6375,-69.534,75.46,3.01,,,,,,,
09/10/2014,23:00:00,18.6368,-72.5168,10.73,2.88,,,,,,,
05/03/2014,14:48:06,18.635,-70.333,39.97,3.02,,,,,,,
28/01/2014,19:14:11,18.6335,-68.514,84.53,3.46,,,,,,,
10/02/2014,18:34:27,18.6333,-69.035,103.6,3.41,,,,,,,    
22/01/2014,18:21:43,18.6307,-70.339,2.89,2.98,,,,,,,
03/04/2014,03:59:48,18.6272,-72.167,6,2.52,,,,,,,
26/01/2014,20:21:34,18.6265,-68.466,80.8,3.18,,,,,,,
07/02/2014,03:49:06,18.6265,-69.585,122.91,2.99,,,,,,,
05/06/2014,00:21:02,18.6261,-70.401,83.5,3.01,,,,,,,
19/12/2014,14:55:00,18.6216,-72.059,14.91,2.96,,,,,,,
01/09/2014,22:03:00,18.6208,-69.1343,11.36,2.77,,,,,,,
21/04/2014,04:14:00,18.6205,-68.935,104.22,3.25,,,,,,,
27/06/2014,19:58:12,18.6181,-69.677,81.58,3.06,,,,,,,
05/10/2014,23:08:00,18.6158,-69.0536,117.94,4.13,,,,,,,
21/03/2014,21:48:17,18.6113,-69.505,77.81,2.94,,,,,,,
31/03/2014,02:47:40,18.6102,-70.825,9.52,2.85,,,,,,,
16/05/2014,13:00:28,18.6088,-69.089,115.3,3.39,,,,,,,
05/10/2014,23:08:00,18.6058,-69.0511,117.1,4.12,,,,,,,
25/10/2014,04:47:00,18.6046,-69.8641,122.08,3.35,,,,,,,
25/09/2014,18:58:00,18.6035,-70.3613,2.4,3.14,,,,,,,
09/05/2014,04:10:49,18.6028,-69.187,130.89,3.76,,,,,,,
06/05/2014,12:58:17,18.6025,-67.481,11.92,2.73,,,,,,,
22/04/2014,08:42:31,18.6025,-69.559,121.81,2.95,,,,,,,
29/12/2014,14:35:00,18.6021,-71.6443,46.83,2.24,,,,,,,
22/04/2014,18:08:44,18.6015,-69.016,128.09,3.22,,,,,,,
06/07/2014,03:52:01,18.6005,-68.412,30.79,3.15,,,,,,,
19/03/2014,22:03:13,18.6002,-69.097,99.27,2.87,,,,,,,
21/06/2014,08:34:09,18.5966,-68.154,110.55,3.43,,,,,,,
31/12/2014,22:05:00,18.5955,-69.2805,97.16,3.52,,,,,,,
27/11/2014,20:17:00,18.5938,-70.3365,8.92,2.59,,,,,,,
02/03/2014,06:56:43,18.5922,-70.515,4.11,3.08,,,,,,,
15/01/2014,11:02:56,18.5877,-68.185,10,2.39,,,,,,,
19/07/2014,01:53:33,18.5871,-70.652,10.93,2.99,,,,,,,
16/01/2014,02:07:07,18.5868,-70.582,20,2.57,,,,,,,
07/02/2014,22:33:25,18.5857,-69.566,80.86,3.21,,,,,,,
27/11/2014,19:23:00,18.5848,-70.2301,2,2.65,,,,,,,
04/03/2014,01:00:46,18.583,-69.617,96.95,3.24,,,,,,,
08/09/2014,06:07:00,18.5818,-69.397,87.38,2.67,,,,,,,
17/12/2014,18:22:00,18.58,-69.1361,103.21,3.2,,,,,,,
27/11/2014,20:08:00,18.5768,-70.373,2,2.21,,,,,,,
30/03/2014,04:19:23,18.5767,-70.148,73.55,2.88,,,,,,,
12/09/2014,02:12:00,18.57,-68.9873,112.76,4.33,,,,,,,
15/09/2014,07:50:00,18.5681,-69.6903,114.88,3.35,,,,,,,
15/09/2014,07:50:00,18.5681,-69.6903,114.88,3.35,,,,,,,
25/03/2014,13:57:51,18.568,-71.954,43.72,2.49,,,,,,,
29/11/2014,20:12:00,18.5675,-70.2665,3.77,2.33,,,,,,,
05/11/2014,02:09:00,18.5663,-68.7516,128.51,3.39,,,,,,,
25/02/2014,09:18:51,18.5657,-70.173,149.29,3.09,,,,,,,
15/03/2014,07:48:47,18.5645,-70.36,11.65,2.87,,,,,,,
28/07/2014,00:39:33,18.5621,-69.609,84.85,3.22,,,,,,,
25/01/2014,07:50:50,18.56,-68.96,116.37,3.52,,,,,,,
14/02/2014,01:44:38,18.552,-69.006,103.97,3.46,,,,,,,
21/03/2014,02:37:58,18.5517,-70.274,8.93,2.65,,,,,,,
12/05/2014,03:12:29,18.5462,-69.892,40.21,2.95,,,,,,,
08/05/2014,16:09:37,18.5443,-68.855,139.18,3.51,,,,,,,
15/07/2014,05:05:10,18.543,-69.159,72.89,3.3,,,,,,,
25/09/2014,17:17:00,18.5421,-69.011,90.21,4.21,,,,,,,
17/07/2014,11:06:33,18.54,-69.032,126.77,3.55,,,,,,,
29/04/2014,14:38:12,18.5383,-70.362,46.95,2.78,,,,,,,
09/01/2014,09:09:34,18.5348,-70.343,2.92,2.74,,,,,,,
08/09/2014,07:14:00,18.5341,-72.6651,14.83,2.06,,,,,,,
09/04/2014,17:53:17,18.5338,-68.64,134,4.39,,,,,,,
17/04/2014,03:46:13,18.5327,-69.154,77.13,2.83,,,,,,,
12/09/2014,02:12:00,18.5306,-68.9615,115.09,3.33,,,,,,,
12/09/2014,02:12:00,18.5306,-68.9615,115.09,3.33,,,,,,,
04/02/2014,23:11:17,18.5282,-69.023,118.73,3.65,,,,,,,
08/09/2014,10:25:00,18.5275,-68.9981,127.44,3.15,,,,,,,
08/11/2014,10:48:00,18.5243,-70.4285,2.91,2.78,,,,,,,
27/05/2014,15:26:23,18.5235,-68.934,109.91,3.63,,,,,,,
18/01/2014,10:09:32,18.5228,-69.597,91.09,3.16,,,,,,,
12/08/2014,06:42:05,18.5203,-69.036,116.98,3.12,,,,,,,
04/10/2014,07:44:00,18.517,-71.3291,5.12,2.81,,,,,,,
05/02/2014,10:20:07,18.5165,-69.543,110.93,3.22,,,,,,,
13/04/2014,13:20:42,18.5162,-69.124,114.77,3.44,,,,,,,
27/03/2014,22:39:25,18.514,-69.568,87.43,3.11,,,,,,,
27/11/2014,20:04:00,18.5136,-70.3466,1.72,2.9,,,,,,,
29/12/2014,18:01:00,18.5125,-69.6265,115.5,3.15,,,,,,,
24/03/2014,13:28:49,18.5102,-70.099,24.53,2.66,,,,,,,
30/09/2014,01:55:00,18.5101,-72.0046,73.45,3.35,,,,,,,
27/11/2014,20:03:00,18.5088,-70.3481,4.55,2.99,,,,,,,
18/10/2014,03:36:00,18.5073,-68.9788,114.64,3.04,,,,,,,
22/05/2014,16:08:14,18.5048,-67.957,138.54,3.09,,,,,,,
04/10/2014,07:44:00,18.5016,-69.8566,24.83,2.6,,,,,,,
09/09/2014,03:00:00,18.5015,-69.101,108.34,2.8,,,,,,,
26/06/2014,22:46:21,18.5005,-69.971,7.3,2.73,,,,,,,
22/01/2014,16:34:02,18.4995,-67.611,52.98,3.18,,,,,,,
20/01/2014,01:36:46,18.494,-69.404,110.77,2.89,,,,,,,
04/06/2014,02:08:58,18.4926,-68.826,118.35,3.17,,,,,,,
20/08/2014,01:14:03,18.4908,-68.926,108.54,3.21,,,,,,,
20/08/2014,01:14:03,18.4908,-68.926,108.54,3.21,,,,,,,
26/05/2014,09:18:12,18.4905,-72.824,6.67,2.74,,,,,,,
15/01/2014,06:20:02,18.489,-68.281,114.67,3.4,,,,,,,
23/04/2014,15:59:18,18.489,-68.449,161.56,3.71,,,,,,,
20/02/2014,14:13:58,18.4858,-69.075,120.36,3.46,,,,,,,
30/06/2014,02:20:33,18.4843,-68.472,59.02,3.53,,,,,,,
02/02/2014,04:45:32,18.4822,-69.704,85.21,3.27,,,,,,,
24/04/2014,03:54:22,18.4798,-69.099,142.74,3.31,,,,,,,
29/09/2014,14:05:00,18.4791,-69.0001,152.37,3.96,,,,,,,
07/05/2014,00:46:03,18.4762,-72.686,10,1.23,,,,,,,
27/03/2014,02:47:58,18.476,-69.045,127.07,3.75,,,,,,,
19/06/2014,00:23:12,18.4751,-72.775,13.66,2.19,,,,,,,
15/09/2014,10:40:00,18.474,-67.8496,132.47,3.4,,,,,,,
12/08/2014,08:03:40,18.4735,-70.364,68.61,2.87,,,,,,,
25/09/2014,17:17:00,18.472,-69.0036,110.09,4.2,,,,,,,
25/09/2014,17:17:00,18.472,-69.0036,110.09,4.2,,,,,,,
24/11/2014,21:07:00,18.4716,-68.9748,77.64,3.38,,,,,,,
24/08/2014,19:36:00,18.4708,-68.896,108.75,3.58,,,,,,,
15/05/2014,11:15:10,18.4666,-69.581,87.37,3.29,,,,,,,
07/04/2014,01:22:40,18.4662,-70.649,8.5,2.61,,,,,,,
24/11/2014,19:17:00,18.4653,-68.9618,154.95,3.79,,,,,,,
15/12/2014,00:26:00,18.4606,-68.766,125.61,3.85,,,,,,,
21/05/2014,05:00:48,18.4546,-67.857,108.04,3.47,,,,,,,
29/08/2014,23:22:00,18.4535,-71.3288,47.45,2.09,,,,,,,
11/12/2014,11:52:00,18.452,-69.4313,92.65,3.16,,,,,,,
15/11/2014,13:44:00,18.4518,-72.707,9.2,3.39,,,,,,,
22/11/2014,00:48:00,18.4493,-70.4356,75.66,2.84,,,,,,,
16/10/2014,21:56:00,18.448,-68.5096,9.29,3.48,,,,,,,
01/05/2014,21:17:22,18.4477,-72.391,21.26,1.81,,,,,,,
04/04/2014,18:39:45,18.4473,-71.005,23.41,3.18,,,,,,,
09/10/2014,18:36:00,18.4468,-68.1795,127.2,3.53,,,,,,,
01/05/2014,20:23:04,18.4467,-72.393,19.71,1.82,,,,,,,
06/04/2014,10:50:53,18.4421,-69.608,109.11,3.4,,,,,,,
29/06/2014,04:06:43,18.4326,-69.003,111.31,3.07,,,,,,,
30/11/2014,11:09:00,18.4323,-69.0845,88.22,3.22,,,,,,,
07/08/2014,06:36:29,18.4318,-68.919,120.19,3.09,,,,,,,
26/05/2014,14:42:37,18.4318,-72.945,10.75,2.02,,,,,,,
01/05/2014,19:08:43,18.4317,-72.424,4.38,2.31,,,,,,,
09/12/2014,19:27:00,18.4291,-70.518,9.35,3.23,,,,,,,
09/06/2014,09:09:26,18.4263,-70.257,24.52,2.66,,,,,,,
23/05/2014,07:47:52,18.4251,-70.31,19.7,2.98,,,,,,,
19/12/2014,06:28:00,18.424,-70.259,11.75,3.37,,,,,,,
09/06/2014,12:44:59,18.4201,-69.688,20.59,2.63,,,,,,,
31/01/2014,05:22:08,18.4175,-69.211,117.72,3.51,,,,,,,
25/03/2014,08:41:58,18.4108,-68.982,29.1,2.36,,,,,,,
09/10/2014,18:36:00,18.409,-68.1606,115.65,3.44,,,,,,,
26/11/2014,00:37:00,18.4068,-70.2003,8.88,3.07,,,,,,,
14/10/2014,05:56:00,18.4056,-72.7546,7.92,3.22,,,,,,,
14/10/2014,05:56:00,18.4056,-72.7546,7.92,3.22,,,,,,,
24/09/2014,05:36:00,18.4018,-72.9231,10,3.11,,,,,,,
03/09/2014,21:23:00,18.3988,-70.3498,17.08,2.84,,,,,,,
14/01/2014,10:20:44,18.3963,-70.703,25,2.04,,,,,,,
18/02/2014,22:18:07,18.3952,-71.509,36.74,3.07,,,,,,,
14/04/2014,09:46:38,18.3917,-69.098,125.08,3.53,,,,,,,
17/12/2014,23:42:00,18.3915,-68.041,105.96,3.36,,,,,,,
18/08/2014,00:17:58,18.3893,-72.567,56.84,2.57,,,,,,,
07/05/2014,12:32:42,18.3883,-72.358,16.72,2.05,,,,,,,
18/12/2014,05:19:00,18.388,-68.842,132.44,3.75,,,,,,,
05/03/2014,08:32:22,18.3777,-68.962,1,3.31,,,,,,,
13/11/2014,05:10:00,18.376,-69.0215,90.66,3.56,,,,,,,
18/12/2014,04:32:00,18.3745,-69.4243,96.49,3.4,,,,,,,
28/06/2014,12:47:32,18.373,-69.71,2.28,2.98,,,,,,,
16/12/2014,02:09:00,18.372,-72.628,10.39,2.93,,,,,,,
22/12/2014,07:52:00,18.3716,-71.7553,20,2.33,,,,,,,
04/12/2014,21:30:00,18.3708,-69.0845,8.64,3.11,,,,,,,
22/07/2014,07:21:55,18.3693,-72.688,7.34,3.03,,,,,,,
24/02/2014,23:31:12,18.3682,-70.365,13.59,3.17,,,,,,,
04/06/2014,22:58:22,18.3681,-68.903,2,3.26,,,,,,,
18/01/2014,13:13:01,18.3667,-69.563,93,3.06,,,,,,,
02/07/2014,07:25:02,18.3655,-69.228,8,3.24,,,,,,,
12/09/2014,06:54:00,18.3618,-69.4183,93.98,3.48,,,,,,,
12/09/2014,06:54:00,18.3618,-69.4183,93.98,3.48,,,,,,,
21/06/2014,17:33:48,18.3603,-68.933,141.33,4.25,,,,,,,
17/03/2014,10:23:32,18.3582,-68.561,106.91,3.2,,,,,,,
24/06/2014,20:30:37,18.3578,-68.895,61.9,3,,,,,,,
31/03/2014,14:00:24,18.352,-67.854,5.45,2.98,,,,,,,
31/12/2014,14:05:00,18.35,-69.0673,95.97,3.14,,,,,,,
28/02/2014,22:39:24,18.349,-70.315,21.71,3.07,,,,,,,
02/02/2014,00:40:30,18.348,-68.398,121.21,3.12,,,,,,,
04/07/2014,02:20:27,18.344,-70.077,8.26,2.95,,,,,,,
10/11/2014,11:22:00,18.3436,-68.2428,9.39,3.01,,,,,,,
21/06/2014,17:33:49,18.3356,-68.946,136.04,4.23,,,,,,,
21/03/2014,12:01:56,18.3313,-69.377,96.12,3.2,,,,,,,
15/05/2014,09:29:34,18.327,-71.517,20,2.35,,,,,,,
20/06/2014,08:01:33,18.3235,-68.075,101.69,3.37,,,,,,,
24/10/2014,08:40:00,18.314,-68.67,96.22,3.73,,,,,,,
16/07/2014,02:34:39,18.3085,-70.43,30.3,2.71,,,,,,,
30/08/2014,11:52:00,18.3066,-71.744,10,2.93,,,,,,,
04/05/2014,02:11:02,18.301,-69.495,94.23,3.32,,,,,,,
29/11/2014,02:00:00,18.2981,-70.3535,3.16,2.25,,,,,,,
30/08/2014,11:52:00,18.2981,-71.7466,10,2.93,,,,,,,
15/10/2014,23:45:00,18.2968,-68.564,119.81,3.27,,,,,,,
28/06/2014,05:29:22,18.2951,-71.25,39.02,2.92,,,,,,,
26/11/2014,00:37:00,18.2943,-70.2135,14.09,3.08,,,,,,,
15/10/2014,12:05:00,18.2941,-68.0255,102.48,3.25,,,,,,,
05/05/2014,18:46:58,18.286,-69.058,97,3.01,,,,,,,
26/01/2014,20:22:50,18.2827,-68.903,104.14,3.38,,,,,,,
11/04/2014,07:26:08,18.2795,-68.302,21.26,3.47,,,,,,,
30/06/2014,04:10:14,18.2793,-71.171,10.05,2.18,,,,,,,
22/03/2014,21:18:01,18.278,-70.412,24.6,2.92,,,,,,,
22/12/2014,02:48:00,18.2773,-71.799,19.14,3.25,,,,,,,
03/09/2014,21:51:00,18.276,-70.3711,15.69,2.98,,,,,,,
23/07/2014,04:41:26,18.2743,-70.375,10.35,2.94,,,,,,,
07/02/2014,06:12:03,18.2737,-70.4,30.83,2.99,,,,,,,
17/12/2014,23:51:00,18.2736,-68.0201,116.33,3.24,,,,,,,
23/07/2014,04:53:28,18.2665,-70.379,10.32,2.69,,,,,,,
24/02/2014,08:46:34,18.2587,-68.914,98.38,2.95,,,,,,,
23/07/2014,04:53:28,18.2575,-70.375,9.94,2.53,,,,,,,
02/11/2014,07:55:00,18.2556,-68.8998,108.72,3.72,,,,,,,
10/02/2014,11:08:20,18.2555,-70.394,25.06,2.8,,,,,,,
11/06/2014,13:24:58,18.255,-69.207,42.97,3.08,,,,,,,
30/06/2014,00:53:01,18.2533,-67.912,85.88,3.4,,,,,,,
12/07/2014,04:04:17,18.2525,-69.123,124.79,3.79,,,,,,,
04/03/2014,03:29:22,18.2497,-68.619,133.46,3.66,,,,,,,
25/08/2014,21:46:00,18.2493,-67.7586,136.59,3.93,,,,,,,
09/05/2014,20:44:53,18.249,-69.098,113.18,3.49,,,,,,,
26/07/2014,07:33:02,18.2475,-68.17,91.22,3.54,,,,,,,
23/03/2014,12:58:20,18.2398,-69.818,109.37,3.47,,,,,,,
04/03/2014,22:19:35,18.2365,-69.366,13.31,3.03,,,,,,,
19/12/2014,23:26:00,18.2355,-70.3886,13.91,3.04,,,,,,,
06/02/2014,11:10:06,18.2293,-70.407,39.24,3.32,,,,,,,
19/11/2014,23:56:00,18.227,-70.3645,16.45,3.21,,,,,,,
04/02/2014,23:51:59,18.2238,-68.551,120.9,3.2,,,,,,,
23/01/2014,03:16:15,18.2222,-71.533,22.61,3.53,,,,,,,
05/05/2014,22:09:56,18.2218,-71.855,3.58,2.56,,,,,,,
20/02/2014,01:48:14,18.22,-70.464,12.79,2.72,,,,,,,
30/07/2014,03:57:22,18.2146,-69.161,123.16,3.26,,,,,,,
02/11/2014,15:06:00,18.2135,-68.8476,67.14,3.34,,,,,,,
24/03/2014,17:44:13,18.2055,-69.506,3,3.35,,,,,,,
29/07/2014,02:42:38,18.2046,-70.364,23.44,2.72,,,,,,,
25/03/2014,12:45:19,18.1977,-72.268,9.43,1.48,,,,,,,
26/08/2014,14:36:00,18.1965,-69.5148,56.67,2.91,,,,,,,
11/07/2014,08:31:42,18.1868,-69.505,12.35,2.62,,,,,,,
30/03/2014,19:35:52,18.1857,-67.932,126.12,3.49,,,,,,,
27/02/2014,06:25:42,18.1818,-67.923,123.11,3.46,,,,,,,
13/08/2014,03:55:21,18.1773,-69.778,102.5,3.05,,,,,,,
28/05/2014,22:29:48,18.1733,-68.248,100.14,3.35,,,,,,,
22/08/2014,16:53:17,18.1688,-68.954,102.18,3.34,,,,,,,
05/01/2014,19:36:10,18.1645,-68.752,24.79,2.67,,,,,,,
02/03/2014,18:46:57,18.1623,-69.813,2.37,2.92,,,,,,,
20/07/2014,23:32:51,18.1618,-69.65,10.6,3.08,,,,,,,
20/07/2014,23:32:51,18.1618,-69.65,10.6,3.08,,,,,,,
20/03/2014,13:25:25,18.161,-67.988,90.29,3.34,,,,,,,
26/06/2014,06:27:42,18.1586,-67.77,87.68,3.42,,,,,,,
18/09/2014,13:37:00,18.1585,-68.7715,110.76,3.58,,,,,,,
04/02/2014,06:40:14,18.157,-71.077,32.28,3.08,,,,,,,
11/05/2014,05:17:50,18.1526,-70.368,0.8,2.52,,,,,,,
18/02/2014,16:18:56,18.1522,-69.125,131.37,4.35,,,,,,,
22/04/2014,19:47:17,18.1518,-68.085,98.18,3.46,,,,,,,
12/05/2014,05:32:18,18.1505,-69.488,82.94,3.37,,,,,,,
26/02/2014,20:51:32,18.1482,-68.233,97.29,3.43,,,,,,,
19/05/2014,10:05:26,18.1355,-68.079,98.79,3.03,,,,,,,
23/04/2014,07:54:07,18.1342,-70.451,3.81,2.83,,,,,,,
29/05/2014,04:37:40,18.134,-68.56,11.52,3.15,,,,,,,
09/02/2014,06:47:01,18.134,-69.578,1,3.58,,,,,,,
20/03/2014,19:50:23,18.1327,-69.209,102.47,3.3,,,,,,,
19/01/2014,19:54:34,18.1312,-68.81,141.9,3.32,,,,,,,
02/04/2014,21:02:58,18.1303,-69.424,24.82,2.87,,,,,,,
22/08/2014,14:46:34,18.1286,-70.725,57.99,3.02,,,,,,,
10/07/2014,11:23:18,18.1285,-68.237,74.1,3.48,,,,,,,
29/12/2014,17:56:00,18.1131,-68.5588,20.17,3.07,,,,,,,
04/03/2014,08:36:35,18.1055,-68.373,102.65,3.51,,,,,,,
26/10/2014,15:38:00,18.1055,-70.3251,30.91,3.21,,,,,,,
26/10/2014,15:38:00,18.1055,-70.3251,30.91,3.21,,,,,,,
16/04/2014,08:22:09,18.0975,-68.679,102.35,3.86,,,,,,,
05/02/2014,21:09:27,18.0965,-67.746,82.6,3.33,,,,,,,
27/08/2014,23:42:00,18.0965,-68.8993,89.51,3.27,,,,,,,
28/05/2014,21:15:06,18.0943,-68.349,97.88,6,,,,,,,
29/03/2014,04:13:58,18.091,-68.799,9.63,2.79,,,,,,,
21/03/2014,06:25:27,18.0887,-69.055,92.92,3.19,,,,,,,
19/12/2014,19:58:00,18.087,-68.021,99.29,3.8,,,,,,,
29/07/2014,14:46:03,18.087,-71.774,115.34,3.39,,,,,,,
06/03/2014,19:43:34,18.0835,-69.457,4.15,3.02,,,,,,,
20/03/2014,12:13:41,18.0823,-68.747,143.22,3.83,,,,,,,
24/03/2014,12:27:08,18.082,-69.426,10.17,2.83,,,,,,,
13/10/2014,10:51:00,18.0811,-70.5786,40.44,3.07,,,,,,,
23/06/2014,22:39:09,18.0743,-68.023,77.96,3.46,,,,,,,
04/06/2014,09:47:16,18.0723,-68.024,93.9,3.26,,,,,,,
22/04/2014,00:23:28,18.0693,-68.844,82.1,3.29,,,,,,,
30/07/2014,23:30:40,18.0685,-70.799,17.61,3,,,,,,,
31/08/2014,08:16:00,18.0676,-68.2746,64.02,3.42,,,,,,,
13/01/2014,10:13:55,18.066,-69.421,24.25,2.56,,,,,,,
29/05/2014,05:16:44,18.0613,-68.374,78.54,3.35,,,,,,,
08/10/2014,09:39:00,18.0593,-68.3391,127.47,4.13,,,,,,,
18/01/2014,02:42:22,18.0408,-70.649,79.9,3.2,,,,,,,
29/05/2014,01:12:19,18.028,-68.385,94.82,3.59,,,,,,,
07/05/2014,21:33:01,18.0277,-68.49,98.6,3.26,,,,,,,
17/07/2014,06:02:24,18.0271,-69.042,0.48,3.3,,,,,,,
19/07/2014,08:44:28,18.0263,-68.347,9.43,3.48,,,,,,,
16/04/2014,06:34:05,18.024,-69.109,24.62,3.14,,,,,,,
15/05/2014,21:48:27,18.0231,-68.618,6.88,3.03,,,,,,,
30/10/2014,23:33:00,18.0231,-69.667,24.86,2.86,,,,,,,
28/05/2014,23:43:43,18.0221,-68.338,90.81,3.45,,,,,,,
18/02/2014,11:54:28,18.0215,-68.548,10.15,3.12,,,,,,,
16/05/2014,05:29:05,18.017,-69.074,29.89,3.58,,,,,,,
20/02/2014,20:36:59,18.0013,-67.961,89.05,3.24,,,,,,,
01/02/2014,11:29:27,18.0013,-71.712,6.29,3.3,,,,,,,
27/03/2014,01:07:48,18,-69.902,54.6,3.16,,,,,,,
21/02/2014,02:03:01,17.9998,-69.351,29.47,2.68,,,,,,,
18/12/2014,18:31:00,17.9981,-68.6746,136.41,3.19,,,,,,,
23/02/2014,05:01:41,17.9917,-68.689,116.87,3.54,,,,,,,
21/05/2014,20:17:16,17.991,-68.735,69.03,3.29,,,,,,,
12/05/2014,18:45:05,17.9798,-68.065,82.5,3.48,,,,,,,
23/10/2014,19:08:00,17.9793,-71.3966,20,2.97,,,,,,,
03/07/2014,10:41:28,17.9773,-71.153,9.5,1.58,,,,,,,
16/07/2014,02:50:59,17.9768,-69.607,127.42,2.65,,,,,,,
10/11/2014,13:57:00,17.9756,-68.4811,83.24,3.64,,,,,,,
12/05/2014,17:00:37,17.9733,-68.627,96.89,3.51,,,,,,,
19/06/2014,09:57:34,17.9718,-68.433,89.45,3.34,,,,,,,
14/06/2014,09:33:47,17.9613,-69.413,25.63,2.47,,,,,,,
17/02/2014,02:18:55,17.9488,-68.528,85.54,3.67,,,,,,,
11/12/2014,06:15:00,17.935,-70.1186,53.93,2.72,,,,,,,
21/03/2014,18:11:31,17.9342,-70.56,5.66,3.11,,,,,,,
28/05/2014,21:35:27,17.9303,-68.354,77.56,3.64,,,,,,,
28/09/2014,23:26:00,17.93,-71.7188,10,3.3,,,,,,,
30/10/2014,13:54:00,17.9283,-71.4335,1.75,2.64,,,,,,,
20/07/2014,05:24:01,17.9268,-68.58,71.54,2.97,,,,,,,
22/07/2014,02:16:42,17.9238,-68.429,72.17,3.54,,,,,,,
22/07/2014,02:16:42,17.9238,-68.429,72.17,3.54,,,,,,,
13/08/2014,13:39:36,17.9235,-68.671,90.06,3.57,,,,,,,
05/09/2014,08:15:00,17.9235,-71.2018,8.49,2.44,,,,,,,
25/09/2014,13:45:00,17.9218,-69.0441,48.21,3.37,,,,,,,
09/06/2014,04:32:50,17.9201,-68.346,20,3.06,,,,,,,
17/09/2014,09:23:00,17.9176,-70.9816,24.28,3.41,,,,,,,
30/07/2014,08:34:28,17.9156,-68.045,23.98,3.29,,,,,,,
05/08/2014,19:46:06,17.9131,-68.038,41.33,3.27,,,,,,,
13/11/2014,02:17:00,17.9118,-68.8675,145.65,3.54,,,,,,,
22/01/2014,05:20:56,17.9047,-70.534,59.07,3.24,,,,,,,
17/03/2014,14:01:48,17.902,-70.644,41.48,2.92,,,,,,,
28/09/2014,15:12:00,17.8945,-68.5218,89.69,3.82,,,,,,,
14/08/2014,02:38:46,17.8828,-69.133,24.94,3.5,,,,,,,
29/05/2014,15:40:54,17.8813,-68.941,93.98,3.16,,,,,,,
13/04/2014,08:23:19,17.8802,-69.001,29.55,2.73,,,,,,,
01/11/2014,16:09:00,17.8741,-69.9683,14.97,2.55,,,,,,,
10/04/2014,16:08:16,17.871,-68.698,59.14,3.4,,,,,,,
14/11/2014,10:54:00,17.8661,-72.1286,10,3.05,,,,,,,
15/01/2014,00:52:43,17.8575,-69.315,10.05,2.49,,,,,,,
17/11/2014,10:14:00,17.8456,-71.5778,13.8,3.1,,,,,,,
09/11/2014,05:35:00,17.8445,-70.2493,8.48,2.67,,,,,,,
19/06/2014,08:50:11,17.8438,-69.689,20,3.28,,,,,,,
13/03/2014,06:44:22,17.8427,-69.465,10.15,3.13,,,,,,,
12/11/2014,10:15:00,17.8361,-68.6275,138.13,3.72,,,,,,,
03/03/2014,02:46:14,17.8325,-68.737,10,2.94,,,,,,,
12/07/2014,17:24:38,17.8268,-71.455,30.6,2.91,,,,,,,
05/09/2014,22:27:00,17.8265,-69.433,11.49,3.13,,,,,,,
15/01/2014,03:33:24,17.818,-69.13,29.35,2.69,,,,,,,
05/07/2014,19:09:40,17.8178,-69.114,9.8,3.61,,,,,,,
09/02/2014,15:27:42,17.8162,-70.555,0,3.14,,,,,,,
07/04/2014,04:43:09,17.7973,-71.073,32.25,2.75,,,,,,,
14/11/2014,10:56:00,17.794,-72.1503,10,4.34,,,,,,,
18/08/2014,00:17:56,17.793,-72.038,7,2.33,,,,,,,
17/10/2014,02:46:00,17.7868,-70.0101,11.02,3.81,,,,,,,
25/02/2014,08:25:01,17.7865,-68.253,20.35,3.16,,,,,,,
04/02/2014,10:19:33,17.7693,-68.352,29.18,3.06,,,,,,,
29/09/2014,17:04:00,17.7651,-70.001,15.33,3.06,,,,,,,
20/01/2014,05:37:50,17.7493,-68.604,30.02,3.37,,,,,,,
13/06/2014,09:18:42,17.7458,-68.823,25.04,2.79,,,,,,,
25/04/2014,03:06:26,17.741,-68.562,24.88,3.51,,,,,,,
27/01/2014,07:23:07,17.736,-70.246,26.37,3.56,,,,,,,
21/05/2014,07:28:01,17.7328,-68.458,30.99,3.14,,,,,,,
19/11/2014,01:40:00,17.7276,-68.5941,7.03,3.11,,,,,,,
15/04/2014,05:58:51,17.7165,-69.438,2.18,2.76,,,,,,,
05/07/2014,02:54:34,17.714,-68.434,25.18,3.1,,,,,,,
05/10/2014,07:13:00,17.7031,-70.003,2.85,3.21,,,,,,,
30/07/2014,23:30:41,17.6848,-71.169,13.02,3.08,,,,,,,
19/08/2014,23:28:44,17.6813,-70.741,24.05,3.24,,,,,,,
05/11/2014,07:22:00,17.6733,-69.0348,24.89,3.02,,,,,,,
05/11/2014,07:22:00,17.6733,-69.0348,24.89,3.02,,,,,,,
26/02/2014,04:41:43,17.6705,-69.078,24.73,3.3,,,,,,,
29/05/2014,07:15:42,17.6453,-68.341,46.05,3.16,,,,,,,
21/04/2014,00:12:03,17.627,-69.712,24.8,3.65,,,,,,,
07/03/2014,02:08:12,17.6243,-68.754,24.78,3.26,,,,,,,
24/05/2014,04:29:54,17.6173,-69.045,55.13,3.28,,,,,,,
05/06/2014,11:40:34,17.5888,-69.94,39.26,2.87,,,,,,,
11/05/2014,01:01:38,17.5818,-69.165,30.27,2.95,,,,,,,
16/07/2014,16:10:11,17.5743,-69.167,61.42,3.84,,,,,,,
11/03/2014,05:46:30,17.5582,-69.172,29.67,3.1,,,,,,,
15/02/2014,04:24:24,17.5573,-68.504,30.24,3.33,,,,,,,
11/06/2014,13:50:48,17.5236,-70.79,12.21,3.02,,,,,,,
27/11/2014,09:11:00,17.4976,-69.8005,44.49,2.99,,,,,,,
23/12/2014,02:23:00,17.4728,-69.7433,21.35,3.81,,,,,,,
05/07/2014,02:06:39,17.4065,-71.121,24.85,3.23,,,,,,,
10/03/2014,04:12:52,17.4017,-68.121,30.62,3.61,,,,,,,
19/05/2014,21:50:26,17.3836,-68.064,60.95,3.55,,,,,,,
25/03/2014,08:18:04,17.2913,-68.361,30.17,3.31,,,,,,,
27/01/2014,13:53:32,17.2892,-69.427,22.04,3.1,,,,,,,
